{"cameraMode":{"drawMode":0,"name":"Shaded","section":"Shading Mode"},"sceneLighting":false,"audioPlay":false,"sceneViewState":{"showFog":false,"showMaterialUpdate":false,"showSkybox":false,"showFlares":false,"showImageEffects":false,"showParticleSystems":false},"in2DMode":false,"pivot":{"x":-1514.0135498046875,"y":-307.3013916015625,"z":-654.509521484375},"rotation":{"x":-0.05224079638719559,"y":0.8319388628005981,"z":-0.07897136360406876,"w":-0.547089695930481},"size":860.5670166015625,"orthographic":false}